код,Артикул,Название,Производитель,Изображение,Изображение
152294,SL131-001-1,Смеситель Для биде РМС SL131 (SL131-001-1),РМС,https://gutsant.ru/upload/resize_cache/iblock/d4e/1024_1024_1/d4ed7ab7f3805ab0f5a56b7df8a9c33e.jpg,https://gutsant.ru/upload/resize_cache/iblock/9cd/1024_1024_1/9cd420fcfc28249813480085391d5e51.png
149810,SL119-003,Смеситель для душа РМС SL119 (SL119-003),РМС,https://gutsant.ru/upload/iblock/208/2087597b6851aa9571fec33f93b58d32.jpg,https://gutsant.ru/upload/iblock/63d/63df791a94ab9b85dc1e6fdb9135160c.png
132145,SL50-003,Смеситель для душа РМС SL50 (SL50-003),РМС,https://gutsant.ru/upload/iblock/8a9/8a914df78f357da44c6a49dfb3a93de0.jpg,https://gutsant.ru/upload/resize_cache/iblock/878/1024_1024_1/878d55805fbe4083cb5db89d9e29e9b3.png
120179,SL86-003,Смеситель для душа РМС SL86 (SL86-003),РМС,https://gutsant.ru/upload/iblock/2ea/2ea21879954346aa305769ca75ec9d51.jpg,https://gutsant.ru/upload/resize_cache/iblock/a18/1024_1024_1/a18dd6e1421234cb008b5b025a2a0ac5.png
140644,SL115-273F,Смеситель для кухонной мойки РМС SL115 (SL115-273F),РМС,https://gutsant.ru/upload/resize_cache/iblock/9c3/1024_1024_1/9c385627d624dbfb8b2025d15bcbb3d0.jpg,https://gutsant.ru/upload/resize_cache/iblock/f43/1024_1024_1/f43804c9c5c91b31ff6cf995ef407ce8.png
144288,SL115-274F,Смеситель для кухонной мойки РМС SL115 (SL115-274F),РМС,https://gutsant.ru/upload/resize_cache/iblock/bcf/1024_1024_1/bcf6c30c6a45517bd81c617e8997e7b0.jpg,https://gutsant.ru/upload/resize_cache/iblock/c4d/1024_1024_1/c4da96eb4aa30e4626d4255609b9f45c.png
149263,SL116-273F,Смеситель для кухонной мойки РМС SL116 (SL116-273F),РМС,https://gutsant.ru/upload/resize_cache/iblock/daa/1024_1024_1/daadd91b49766fabbd5ec41d02c3daf9.jpg,https://gutsant.ru/upload/resize_cache/iblock/a33/1024_1024_1/a33da980bff878a39df095deb7d9db08.png
143432,SL116-274F,Смеситель для кухонной мойки РМС SL116 (SL116-274F),РМС,https://gutsant.ru/upload/resize_cache/iblock/9bd/1024_1024_1/9bde1756edc2eac2501cd3a4d072cd64.jpg,https://gutsant.ru/upload/resize_cache/iblock/994/1024_1024_1/99475ee8095f22bb2bfae6c9a75ab948.png
132171,SL118-271F,Смеситель для кухонной мойки РМС SL118 (SL118-271F),РМС,https://gutsant.ru/upload/iblock/32e/32e8ccde1a4d9ceff6a0432cdfd8d7ee.jpg,https://gutsant.ru/upload/iblock/758/758fa0a76305b17f558f1f1f9454aba7.png
144179,SL119-270F,Смеситель для кухонной мойки РМС SL119 (SL119-270F),РМС,https://gutsant.ru/upload/resize_cache/iblock/ec2/1024_1024_1/ec2961ff9a0ba4fed14ecaa88d735cea.jpg,https://gutsant.ru/upload/resize_cache/iblock/4b3/1024_1024_1/4b3cfea5c0cd0cf2c5d435cc0cbb2529.png
140645,SL119-271,Смеситель для кухонной мойки РМС SL119 (SL119-271),РМС,https://gutsant.ru/upload/resize_cache/iblock/1f1/1024_1024_1/1f1cbf78aebdb05118ea1dc98a4b9158.jpg,https://gutsant.ru/upload/resize_cache/iblock/f31/1024_1024_1/f3184c6e33ced40fc865f168ff3a4a71.png
142035,SL119-361,Смеситель для кухонной мойки РМС SL119 (SL119-361),РМС,https://gutsant.ru/upload/iblock/e1e/e1e394badfd908583008d3931cc607b3.jpg,https://gutsant.ru/upload/iblock/465/46570ab5e7dc3d2bf9263cc579f45fde.png
140641,SL120-004-15,Смеситель для кухонной мойки РМС SL120 (SL120-004-15),РМС,https://gutsant.ru/upload/resize_cache/iblock/264/1024_1024_1/264ead655a82aa775e26257783710cce.jpg,https://gutsant.ru/upload/resize_cache/iblock/dde/1024_1024_1/ddea54d5a1b80ed748cc6576119a357c.png
148482,SL120-004-25,Смеситель для кухонной мойки РМС SL120 (SL120-004-25),РМС,https://gutsant.ru/upload/resize_cache/iblock/94e/1024_1024_1/94e2e7882f003425e5fbd53943e5be87.jpg,https://gutsant.ru/upload/resize_cache/iblock/72e/1024_1024_1/72e1aa3ff66482d24f3e69dc031f2e71.png
142455,SL120-016F,Смеситель для кухонной мойки РМС SL120 (SL120-016F),РМС,https://gutsant.ru/upload/resize_cache/iblock/9ef/1024_1024_1/9eff59a33d3d5dc3469fd73c9b7ba1a3.jpg,https://gutsant.ru/upload/resize_cache/iblock/19a/1024_1024_1/19a5fa09deca43c4fb923a3f4b877704.png
131886,SL121BL-017F,Смеситель для кухонной мойки РМС SL121 (SL121BL-017F),РМС,https://gutsant.ru/upload/iblock/323/3230101b14c63497fdf048abb23eb4e8.jpg,https://gutsant.ru/upload/iblock/2fa/2fa1fe76f406f46520953e13996bc7ef.jpg
154027,SL123W-004F-15,Смеситель для кухонной мойки РМС SL123 (SL123W-004F-15),РМС,https://gutsant.ru/upload/iblock/f15/f15bc6294409e0d4ca2f46dff984a5d4.jpg,
143350,SL123W-004F-25,Смеситель для кухонной мойки РМС SL123 (SL123W-004F-25),РМС,,
130339,SL124-017F,Смеситель для кухонной мойки РМС SL124 (SL124-017F),РМС,https://gutsant.ru/upload/iblock/e9a/e9aea02ccd812c9d3f6465d9415f452a.jpg,https://gutsant.ru/upload/resize_cache/iblock/8ea/1024_1024_1/8ea9c8ba816c4a682474896535c0ece9.png
143560,SL126-001F,Смеситель для кухонной мойки РМС SL126 (SL126-001F),РМС,https://gutsant.ru/upload/resize_cache/iblock/4d9/1024_1024_1/4d959c66f584c39b093871aeb1a83c3e.jpg,
143562,SL126-017F,Смеситель для кухонной мойки РМС SL126 (SL126-017F),РМС,https://gutsant.ru/upload/resize_cache/iblock/370/1024_1024_1/370d99e815142f04565babab78da577b.jpg,
141375,SL127EL-019F,Смеситель для кухонной мойки РМС SL127 (SL127EL-019F),РМС,https://gutsant.ru/upload/iblock/706/706f9bebeed6e65fd25d678293d35198.jpg,https://gutsant.ru/upload/resize_cache/iblock/bcf/1024_1024_1/bcf98d40197696d12b1f25529299632e.png
141376,SL127EL-020F,Смеситель для кухонной мойки РМС SL127 (SL127EL-020F),РМС,https://gutsant.ru/upload/iblock/ef0/ef04827a65ca3f18aaa92baa9464e29a.jpg,https://gutsant.ru/upload/resize_cache/iblock/e6a/1024_1024_1/e6a704555bf9892d429e36542eae8993.png
141088,SL128-004F-15,Смеситель для кухонной мойки РМС SL128 (SL128-004F-15),РМС,https://gutsant.ru/upload/iblock/161/161e1de5ee433a48b0a9af11b75e0063.jpg,https://gutsant.ru/upload/iblock/659/65934cb4ed10596aa738fa0908e2f4d5.png
140646,SL128-011F,Смеситель для кухонной мойки РМС SL128 (SL128-011F),РМС,https://gutsant.ru/upload/resize_cache/iblock/32d/1024_1024_1/32d94eb488638f9de2df382fc270cb99.jpg,https://gutsant.ru/upload/iblock/a1a/a1a7630cdbf3c18f5426420524dfa122.png
146156,SL129-279F,Смеситель для кухонной мойки РМС SL129 (SL129-279F),РМС,https://gutsant.ru/upload/resize_cache/iblock/a95/1024_1024_1/a95df077a0ce3b2a0a3aa79104c2f7f6.jpg,
150587,SL130-017F,Смеситель для кухонной мойки РМС SL130 (SL130-017F),РМС,https://gutsant.ru/upload/resize_cache/iblock/f0f/1024_1024_1/f0f89b37254a8fdb1db9707f4b466791.jpg,https://gutsant.ru/upload/resize_cache/iblock/750/1024_1024_1/750c86ccd67c80e4464871d199bd4e7a.png
144293,SL131-004F-15,Смеситель для кухонной мойки РМС SL131 (SL131-004F-15),РМС,https://gutsant.ru/upload/resize_cache/iblock/45c/1024_1024_1/45ca8549ca122c8fb6279cf15ee88439.jpg,https://gutsant.ru/upload/resize_cache/iblock/217/1024_1024_1/217fb8589d4382867b2ec11f3a325e98.png
144294,SL131-004F-25,Смеситель для кухонной мойки РМС SL131 (SL131-004F-25),РМС,https://gutsant.ru/upload/resize_cache/iblock/8e5/1024_1024_1/8e5d88a9f16d52f81b7f055596dffff1.jpg,https://gutsant.ru/upload/resize_cache/iblock/398/1024_1024_1/3987efef2bd76bfcaf6d0d5ec4b50565.png
144296,SL131-011F,Смеситель для кухонной мойки РМС SL131 (SL131-011F),РМС,https://gutsant.ru/upload/resize_cache/iblock/97b/1024_1024_1/97bb3efb961a6eb86dc0dd29ecae907c.jpg,https://gutsant.ru/upload/resize_cache/iblock/a14/1024_1024_1/a14c5a1d2171ffa9d88526eaf5301aeb.png
130340,SL52-004FB-15,Смеситель для кухонной мойки РМС SL52 (SL52-004FB-15),РМС,https://gutsant.ru/upload/iblock/189/1897d294552aa32b1a83e35708f13171.jpg,https://gutsant.ru/upload/iblock/095/095f9affffad08d380e49344d455018c.png
132141,SL52-004FB-25,Смеситель для кухонной мойки РМС SL52 (SL52-004FB-25),РМС,https://gutsant.ru/upload/iblock/fcf/fcf372253e45e380e66ef0a2fcff6f64.jpg,https://gutsant.ru/upload/resize_cache/iblock/fce/1024_1024_1/fced359b6c20779ac6afe548b94b2373.png
142456,SL85-004FBS-15,Смеситель для кухонной мойки РМС SL85 (SL85-004FBS-15),РМС,https://gutsant.ru/upload/iblock/6ad/6adeef43da57e681ae9c8fb77cb634c0.jpg,https://gutsant.ru/upload/iblock/e1b/e1be7052a7008e7858fbe7b9088fb1e8.jpg
145426,SL86-004-15,Смеситель для кухонной мойки РМС SL86 (SL86-004-15),РМС,https://gutsant.ru/upload/iblock/3f1/3f18fa21ffc56a60b45c970cc3a32d4c.jpg,https://gutsant.ru/upload/iblock/8bb/8bbae6b742a54dfb26ae3af353e9f3d2.png
140642,SL86-004FBS-15,Смеситель для кухонной мойки РМС SL86 (SL86-004FBS-15),РМС,https://gutsant.ru/upload/iblock/f93/f93bf3e10d3663d04b6be7b186c58fb1.jpg,https://gutsant.ru/upload/iblock/ab1/ab1d8aeab6169cd7e0a19e728ac02dc7.jpg
140717,SL86-004FBS-25,Смеситель для кухонной мойки РМС SL86 (SL86-004FBS-25),РМС,https://gutsant.ru/upload/iblock/2fb/2fb28ae43c0d586778a275b14a58ea4e.jpg,https://gutsant.ru/upload/iblock/bf3/bf30fccf552c374d7269dda62576566f.jpg
141048,SL86-005,Смеситель для кухонной мойки РМС SL86 (SL86-005),РМС,https://gutsant.ru/upload/iblock/08b/08b55ae1fc9b502b724e2e7204a1baf0.jpg,https://gutsant.ru/upload/resize_cache/iblock/06f/1024_1024_1/06f99ee2b577417b49e384b683b0496a.png
120208,SL92BL-279F,Смеситель для кухонной мойки РМС SL92 (SL92BL-279F),РМС,https://gutsant.ru/upload/resize_cache/iblock/2a0/1024_1024_1/2a0e2a7d0629091627ac267ef230e698.jpg,
120209,SL92GR-279F,Смеситель для кухонной мойки РМС SL92 (SL92GR-279F),РМС,https://gutsant.ru/upload/resize_cache/iblock/b11/1024_1024_1/b1134f8333bfcb66224e67024ca1fba5.jpg,
119454,SL92YW-279F,Смеситель для кухонной мойки РМС SL92 (SL92YW-279F),РМС,https://gutsant.ru/upload/resize_cache/iblock/80f/1024_1024_1/80faf9f0ee308cc0ae3bfcf2e6d5d6d9.jpg,
144287,SL115-161,Смеситель для раковины РМС SL115 (SL115-161),РМС,https://gutsant.ru/upload/resize_cache/iblock/9c9/1024_1024_1/9c940448c73c4c27217ca947a875026e.jpg,https://gutsant.ru/upload/iblock/279/279c1c294be2f3448691d71dccd5cc0a.png
149808,SL116-161,Смеситель для раковины РМС SL116 (SL116-161),РМС,https://gutsant.ru/upload/iblock/3d8/3d81a4585eef978155af0851f7914ec4.jpg,https://gutsant.ru/upload/resize_cache/iblock/81e/1024_1024_1/81ebc5d91875c2df2bdda4b9a250004e.png
154009,SL117-161,Смеситель для раковины РМС SL117 (SL117-161),РМС,https://gutsant.ru/upload/resize_cache/iblock/043/1024_1024_1/043044addcc4ccaa37412ed8612071e0.jpg,https://gutsant.ru/upload/resize_cache/iblock/2d0/1024_1024_1/2d098daf1158fd831b7a7a719a28aecd.png
132146,SL120-001F,Смеситель для раковины РМС SL120 (SL120-001F),РМС,https://gutsant.ru/upload/resize_cache/iblock/e11/1024_1024_1/e1172d09fce1f9b2cfff5bfcac587071.jpg,https://gutsant.ru/upload/iblock/765/765ebb798c8b47e035d6c91128dfbb3d.png
144290,SL128-001,Смеситель для раковины РМС SL128 (SL128-001),РМС,https://gutsant.ru/upload/resize_cache/iblock/32a/1024_1024_1/32aabab6e4a2b43585cb7bed7ae4b3cc.jpg,https://gutsant.ru/upload/iblock/c04/c04278518db82b30372c1c04e944c36e.png
127548,SL85-001F,Смеситель для раковины РМС SL85 (SL85-001F),РМС,https://gutsant.ru/upload/iblock/6ea/6eaa2a706250e407a26555de3130ef51.jpg,https://gutsant.ru/upload/iblock/097/09723b80e82671a38dbc08fd7d9f4d36.png
132139,SL86-001,Смеситель для раковины РМС SL86 (SL86-001),РМС,https://gutsant.ru/upload/iblock/dc2/dc2a1700d47c101d0f428cc8d89ea718.jpg,https://gutsant.ru/upload/resize_cache/iblock/963/1024_1024_1/9637bf24ad94491c3dd4fdaacde82eae.png
142036,SL115-140E,Смеситель для ванны РМС SL115 (SL115-140E),РМС,https://gutsant.ru/upload/resize_cache/iblock/048/1024_1024_1/0484689814ec3c103f8bc0640211a2e6.jpg,https://gutsant.ru/upload/resize_cache/iblock/c14/1024_1024_1/c148276e5dfcd4b43b1fd0d04c8440d4.png
143730,SL115-142E,Смеситель для ванны РМС SL115 (SL115-142E),РМС,https://gutsant.ru/upload/resize_cache/iblock/0fb/1024_1024_1/0fb17e6e300582b658e38555c4d69272.jpg,https://gutsant.ru/upload/resize_cache/iblock/73c/1024_1024_1/73cfceb0d495562cac9c279aef333b2a.png
149807,SL116-140,Смеситель для ванны РМС SL116 (SL116-140),РМС,https://gutsant.ru/upload/resize_cache/iblock/79f/1024_1024_1/79f198942db67f898a8ce3e54ff390bf.jpg,https://gutsant.ru/upload/resize_cache/iblock/563/1024_1024_1/5637d2f22583084ea7b61a83a5c9211f.png
154006,SL117-142E,Смеситель для ванны РМС SL117 (SL117-142E),РМС,https://gutsant.ru/upload/resize_cache/iblock/402/1024_1024_1/402a34b2017ea1b0358496aaad938f3e.jpg,https://gutsant.ru/upload/resize_cache/iblock/ec8/1024_1024_1/ec8e9896ca93a9a59740866cd27e06ad.png
149264,SL118-140,Смеситель для ванны РМС SL118 (SL118-140),РМС,https://gutsant.ru/upload/iblock/cee/cee9a09d61905c4d83a12ac0feb2337e.jpg,
142453,SL118-143,Смеситель для ванны РМС SL118 (SL118-143),РМС,https://gutsant.ru/upload/iblock/029/029a49e0ab3862dfba8955f99c8617fc.jpg,https://gutsant.ru/upload/iblock/ebc/ebc153caa51af221814aa157a27924ce.png
144482,SL119-143,Смеситель для ванны РМС SL119 (SL119-143),РМС,https://gutsant.ru/upload/iblock/3aa/3aac6a37ad999bd396e8f61390e142a8.jpg,https://gutsant.ru/upload/iblock/f45/f451c7469571593750459266b8647c73.png
130334,SL120-006E,Смеситель для ванны РМС SL120 (SL120-006E),РМС,https://gutsant.ru/upload/resize_cache/iblock/7b0/1024_1024_1/7b08721ca90189ce638ef8587c9e7d5c.jpg,https://gutsant.ru/upload/resize_cache/iblock/e01/1024_1024_1/e01d0f7a578bcd42f8953401b9200218.png
142454,SL120-009E,Смеситель для ванны РМС SL120 (SL120-009E),РМС,https://gutsant.ru/upload/iblock/012/0121baf601055b60088fcf60564a145f.jpg,https://gutsant.ru/upload/resize_cache/iblock/8bd/1024_1024_1/8bdd0b4ee57163e75307d2168f3b3dad.png
130337,SL121BL-006E,Смеситель для ванны РМС SL121 (SL121BL-006E),РМС,https://gutsant.ru/upload/iblock/3f5/3f5a1f4a302b15df83fb6f59f8da26aa.jpg,https://gutsant.ru/upload/iblock/8b8/8b8e4490c6a3e5530be358e7f615fa57.jpg
130338,SL121W-006E,Смеситель для ванны РМС SL121 (SL121W-006E),РМС,https://gutsant.ru/upload/iblock/733/73356cf95d18fd1f5db0afb42838439c.jpg,https://gutsant.ru/upload/iblock/020/020fee38c7fae9bf0a4d96af9f128383.png
143561,SL126-006E,Смеситель для ванны РМС SL126 (SL126-006E),РМС,https://gutsant.ru/upload/resize_cache/iblock/97b/1024_1024_1/97bd0026c3d1cba7efb029087379c192.jpg,
144291,SL128-006E,Смеситель для ванны РМС SL128 (SL128-006E),РМС,https://gutsant.ru/upload/iblock/8bb/8bb7cd457aca6b9e664f1ac792c74845.jpg,https://gutsant.ru/upload/iblock/7af/7af2f9de7c514cac0d513eeaca51ce1a.png
146157,SL129-140,Смеситель для ванны РМС SL129 (SL129-140),РМС,https://gutsant.ru/upload/resize_cache/iblock/d04/1024_1024_1/d04a67f0841bee67339b383f3d113565.jpg,https://gutsant.ru/upload/resize_cache/iblock/971/1024_1024_1/971c1bfc0f2d0089b1b0963595f7ee21.png
144295,SL131-006E,Смеситель для ванны РМС SL131 (SL131-006E),РМС,https://gutsant.ru/upload/resize_cache/iblock/d9d/1024_1024_1/d9d1a456ec0cf797abf2045d9c345e32.jpg,https://gutsant.ru/upload/iblock/222/222d21b208156d8a491ec4ce28a55bb9.png
147876,SL132-009E,Смеситель для ванны РМС SL132 (SL132-009E),РМС,https://gutsant.ru/upload/resize_cache/iblock/6ce/1024_1024_1/6cef8a9f1e8f2088d6e0cc6fbe53ace3.jpg,https://gutsant.ru/upload/resize_cache/iblock/4fa/1024_1024_1/4fa1e0735e8d3fa6c1befd8b93e4dbf4.png
149806,SL133-006E,Смеситель для ванны РМС SL133 (SL133-006E),РМС,https://gutsant.ru/upload/resize_cache/iblock/67c/1024_1024_1/67ca1784c1271606e8297f022d0bcb9f.jpg,
141611,SL50-009E,Смеситель для ванны РМС SL50 (SL50-009E),РМС,https://gutsant.ru/upload/iblock/ed1/ed13656d7189f328882c157759f203ad.jpg,https://gutsant.ru/upload/resize_cache/iblock/853/1024_1024_1/853e67d06b3392924181679c7ee3a9b7.png
120207,SL85-006E,Смеситель для ванны РМС SL85 (SL85-006E),РМС,https://gutsant.ru/upload/iblock/9f8/9f8531860772b769360739c186a44bb8.jpg,https://gutsant.ru/upload/iblock/a70/a7098b84e796af58400e911b0e48805f.png
120178,SL85-009E,Смеситель для ванны РМС SL85 (SL85-009E),РМС,https://gutsant.ru/upload/iblock/0dc/0dc6afa87677c4acfe87010af9859e8c.jpg,https://gutsant.ru/upload/resize_cache/iblock/888/1024_1024_1/888f9dd7ef3d4e8777ae2c845b6b72e1.png
131987,SL86-006,Смеситель для ванны РМС SL86 (SL86-006),РМС,https://gutsant.ru/upload/iblock/0f7/0f702040451bbb845ee023ac3a122f4f.jpg,https://gutsant.ru/upload/resize_cache/iblock/3a9/1024_1024_1/3a99743d1e0ca9d83068bfbc87802f26.png
128261,SL86-006E,Смеситель для ванны РМС SL86 (SL86-006E),РМС,https://gutsant.ru/upload/iblock/c9f/c9fb17ca0b2b79f6afe8ac9394135091.jpg,https://gutsant.ru/upload/resize_cache/iblock/dbf/1024_1024_1/dbf0ea9fb275b2b5cb2087e801b14632.png
125503,SL86-009,Смеситель для ванны РМС SL86 (SL86-009),РМС,https://gutsant.ru/upload/iblock/dde/dde560c0f3e972aa8cdbe12384f88c59.jpg,https://gutsant.ru/upload/iblock/7d0/7d00be2d0841338653fed438d3ed1744.png
121949,SL80-003-1,Смеситель РМС для душа с лейкой (SL80-003-1),РМС,https://gutsant.ru/upload/resize_cache/iblock/43f/1024_1024_1/43fa122ac0985c51f48ef4fa9bdd9962.jpg,https://gutsant.ru/upload/resize_cache/iblock/449/1024_1024_1/449db6cbe024953573c1d0bffd21d66a.png
126212,SL80-003-3,Смеситель РМС для душа с лейкой (SL80-003-3),РМС,https://gutsant.ru/upload/resize_cache/iblock/88e/1024_1024_1/88edbbc036568b1297f13a4441ed9b1f.jpg,https://gutsant.ru/upload/resize_cache/iblock/c1a/1024_1024_1/c1a0b7f04e663080856afb3d21a77b04.jpg
114900,SL42-004F-25,Смеситель РМС для кухни (SL42-004F-25),РМС,https://gutsant.ru/upload/iblock/213/213e47ca6f229ee2b1765c02d4f78bb5.jpg,https://gutsant.ru/upload/iblock/d2f/d2fc28adc0b2e02472bfa004f822c152.jpg
114193,SL50-011F,Смеситель РМС для кухни (SL50-011F),РМС,https://gutsant.ru/upload/iblock/569/5698770d0919682108e88e708e6dbfb2.jpg,https://gutsant.ru/upload/iblock/e34/e3454e7851bbe23248aadd222cb072cf.jpg
120196,SL50-016F,Смеситель РМС для кухни (SL50-016F),РМС,https://gutsant.ru/upload/iblock/e3d/e3d607edf86c1af2ed6b61e99d5b101f.jpg,https://gutsant.ru/upload/resize_cache/iblock/9ca/1024_1024_1/9ca0e448ca39b80f7c590b97992b9d9e.jpg
114195,SL52-011F,Смеситель РМС для кухни (SL52-011F),РМС,https://gutsant.ru/upload/iblock/eef/eef9915a615b4ae54228b948cf4992d7.jpg,https://gutsant.ru/upload/resize_cache/iblock/098/1024_1024_1/0987a43c98aace1b0ff2fb44d6a7a8cc.png
120198,SL52-014,Смеситель РМС для кухни (SL52-014),РМС,https://gutsant.ru/upload/iblock/07c/07c47ba4be93a9c284622950cde6ee69.jpg,https://gutsant.ru/upload/resize_cache/iblock/349/1024_1024_1/3490faf7c4276e06f8c3eb58e8a0afaa.png
132142,SL55-004F-25,Смеситель РМС для кухни (SL55-004F-25),РМС,https://gutsant.ru/upload/iblock/4a3/4a3e47e306ec7deadeee2fee0bad6091.jpg,https://gutsant.ru/upload/resize_cache/iblock/8e3/1024_1024_1/8e36a60935253abd5d11723396b25107.png
114197,SL55-011F,Смеситель РМС для кухни (SL55-011F),РМС,https://gutsant.ru/upload/iblock/b2b/b2b4c3cd68eda7cb3a40553640ee8bfe.jpg,https://gutsant.ru/upload/iblock/0cb/0cbfee4545c4a67d61087c65a9d3e3ac.png
120200,SL55-016F,Смеситель РМС для кухни (SL55-016F),РМС,https://gutsant.ru/upload/iblock/8f6/8f6d78bb12a8b391c931605f651033c8.jpg,https://gutsant.ru/upload/resize_cache/iblock/0d2/1024_1024_1/0d2cc5361eb263591a7b1f646b73e490.png
121948,SL71-271F,Смеситель РМС для кухни (SL71-271F),РМС,https://gutsant.ru/upload/iblock/ce6/ce63400a89659145508ce63e22df3b2b.jpg,https://gutsant.ru/upload/iblock/218/21829aa7f67601bd3ed0dce7e541eff1.png
114377,SL71-361,Смеситель РМС для кухни (SL71-361),РМС,https://gutsant.ru/upload/iblock/0d7/0d7953d20e639d38a8796a30bbe8f52e.jpg,https://gutsant.ru/upload/resize_cache/iblock/918/1024_1024_1/91837eac516cc53e7d67fa58cf045b0d.png
120008,SL71-362,Смеситель РМС для кухни (SL71-362),РМС,https://gutsant.ru/upload/resize_cache/iblock/7c1/1024_1024_1/7c149598fed3a4e2590c73c3df323fc7.jpg,https://gutsant.ru/upload/iblock/d2d/d2dd6c341ca08e8cb879edb19fdb7d3b.png
120255,SL72-271F,Смеситель РМС для кухни (SL72-271F),РМС,https://gutsant.ru/upload/iblock/b6a/b6a182a81851d6bfbdd39dde3ab463b6.jpg,https://gutsant.ru/upload/iblock/ea5/ea5bcdf5bbd42eeb169ff2760b3a05a4.png
131988,SL77W-017F-1,Смеситель РМС для кухни (SL77W-017F-1),РМС,https://gutsant.ru/upload/resize_cache/iblock/696/1024_1024_1/6962e4e9988f4216530aff73d97c85ef.jpg,https://gutsant.ru/upload/resize_cache/iblock/2f6/1024_1024_1/2f6efc449e5f9437b045ab5ba17ee82f.png
120258,SL79-269F-1,Смеситель РМС для кухни (SL79-269F-1),РМС,https://gutsant.ru/upload/iblock/fe3/fe396fe926e27df4204c2ce144b0d2ef.jpg,https://gutsant.ru/upload/iblock/914/914b6b214fda9a08c2d02d30aded8422.jpg
113476,SL79-269F-4,Смеситель РМС для кухни (SL79-269F-4),РМС,https://gutsant.ru/upload/iblock/84a/84a2879cea944dbcd981851e1b1e03b5.png,
114886,SL42-001,Смеситель РМС для умывальника (SL42-001),РМС,https://gutsant.ru/upload/iblock/d7b/d7b0707203d8e0ed640473b2e6e63bb1.jpg,https://gutsant.ru/upload/iblock/cde/cdead995ba8c22463e2d4c2107e92e20.jpg
113467,SL50-001F,Смеситель РМС для умывальника (SL50-001F),РМС,https://gutsant.ru/upload/iblock/730/7301b4c62eb931a484547bc5bdf8c624.jpg,https://gutsant.ru/upload/iblock/842/8427e219798a4081526b7bdd786c4914.jpg
120184,SL77W-001F,Смеситель РМС для умывальника (SL77W-001F),РМС,https://gutsant.ru/upload/resize_cache/iblock/731/1024_1024_1/731d77790b8d5d7bd7ed3377f56fd839.jpg,https://gutsant.ru/upload/resize_cache/iblock/0a8/1024_1024_1/0a8836470fbccabef4d217ab5ec16ba6.png
120009,SL52-006,Смеситель РМС для ванны (SL52-006),РМС,https://gutsant.ru/upload/iblock/545/5455c51628082cd14783081dbc8c43ff.jpg,https://gutsant.ru/upload/iblock/0dd/0dd905c3d4427a038c42e375b2a7e43a.jpg
113469,SL55-006E,Смеситель РМС для ванны (SL55-006E),РМС,https://gutsant.ru/upload/iblock/89e/89e08b9d067ea685c7adc8e670f6b7e0.jpg,https://gutsant.ru/upload/resize_cache/iblock/cd0/1024_1024_1/cd077282365c05ea920a17308aee3a1d.png
113472,SL68-140-1,Смеситель РМС для ванны (SL68-140-1),РМС,https://gutsant.ru/upload/resize_cache/iblock/731/1024_1024_1/7315bac38928bf109199f162a7d7ba9e.jpg,https://gutsant.ru/upload/resize_cache/iblock/f20/1024_1024_1/f2038502610e8ad071d689069eea64b4.png
113524,SL71-140,Смеситель РМС для ванны (SL71-140),РМС,https://gutsant.ru/upload/iblock/eec/eecb249e1de4ebf8aa003456af34decc.jpg,https://gutsant.ru/upload/iblock/a85/a859e617468dfc1fd820c34af0cabcf8.png
113219,SL71-143,Смеситель РМС для ванны (SL71-143),РМС,https://gutsant.ru/upload/iblock/7ad/7adc5310a6a5cfbb2d7b1bb2c41e7d74.jpg,https://gutsant.ru/upload/iblock/cff/cffb32e23770544706f0d084617f9b01.png
120000,SL72-140,Смеситель РМС для ванны (SL72-140),РМС,https://gutsant.ru/upload/iblock/054/0547a09b1be276ca524fbc4e05181ead.jpg,https://gutsant.ru/upload/iblock/a49/a4924f900feefc383901249ef285733e.png
112813,SL72-143,Смеситель РМС для ванны (SL72-143),РМС,https://gutsant.ru/upload/iblock/b4e/b4e4e1e8d0be925509dbd0e1bbfd171e.jpg,https://gutsant.ru/upload/iblock/51f/51f7429284a17fda5b7e8b7990d7ee9a.png
125334,SL77BL-009E,Смеситель РМС для ванны (SL77BL-009E),РМС,https://gutsant.ru/upload/resize_cache/iblock/c5e/1024_1024_1/c5e70faf081db4ad7aae570f5ccd0931.jpg,https://gutsant.ru/upload/resize_cache/iblock/542/1024_1024_1/5424416b89c1495f70e5f0fbc2d5378e.png
120203,SL77W-006E,Смеситель РМС для ванны (SL77W-006E),РМС,https://gutsant.ru/upload/resize_cache/iblock/ba5/1024_1024_1/ba5da7c725e35536bd0322d84f67c09a.jpg,https://gutsant.ru/upload/resize_cache/iblock/f33/1024_1024_1/f33717a025d3c16c2b0fbb9d4b2487d2.png
123501,SL77W-009E,Смеситель РМС для ванны (SL77W-009E),РМС,https://gutsant.ru/upload/resize_cache/iblock/fc1/1024_1024_1/fc1ea76353b5b586174a6b9cea595fd1.jpg,https://gutsant.ru/upload/resize_cache/iblock/52d/1024_1024_1/52dea0b4cc2db85411022f76aafc93fa.png
